scenario,ili_1,ili_2,ili_3,ili_4,ili_5,ili_6,ili_7,ili_8,ili_9,ili_10,ili_11,ili_12,ili_13,ili_14,ili_15,flu_1,flu_2,flu_3,flu_4,flu_5,flu_6,flu_7,flu_8,flu_9,flu_10,flu_11,flu_12,flu_13,flu_14,flu_15
noscreen,0.056510118,0.146620848,0.181748759,0.172584956,0.119129439,0.053455517,0.047346315,0.019854906,0.035127911,0.035127911,0.029018709,0.044291714,0.027491409,0.025964108,0.005727377,0.033906071,0.068423062,0.127224131,0.096444534,0.062936307,0.030839722,0.023673158,0.007219966,0.015054819,0.005854652,0,0,0,0,0