scenario,ili_1,ili_2,ili_3,ili_4,ili_5,ili_6,ili_7,ili_8,ili_9,ili_10,ili_11,ili_12,ili_13,ili_14,ili_15,flu_1,flu_2,flu_3,flu_4,flu_5,flu_6,flu_7,flu_8,flu_9,flu_10,flu_11,flu_12,flu_13,flu_14,flu_15
noscreen,0.056510118,0.146620848,0.181748759,0.172584956,0.119129439,0.053455517,0.047346315,0.019854906,0.035127911,0.035127911,0.029018709,0.044291714,0.027491409,0.025964108,0.005727377,0.012997327,0.033722795,0.041802215,0.03969454,0.027399771,0.012294769,0.010889652,0.004566628,0.00807942,0.00807942,0.006674303,0.010187094,0.006323024,0.005971745,0.001317297