scenario,p_ili_week1,p_ili_week2,p_ili_week3,p_ili_week4,p_ili_week5,p_ili_week6,p_ili_week7,p_ili_week8,p_ili_week9,p_ili_week10,p_ili_week11,p_ili_week12,p_ili_week13,p_ili_week14,p_ili_week15,p_ili_week1,p_ili_week2,p_ili_week3,p_ili_week4,p_ili_week5,p_ili_week6,p_ili_week7,p_ili_week8,p_ili_week9,p_ili_week10,p_ili_week11,p_ili_week12,p_ili_week13,p_ili_week14,p_ili_week15
noscreen,0.056510118,0.146620848,0.181748759,0.172584956,0.119129439,0.053455517,0.047346315,0.019854906,0.035127911,0.035127911,0.029018709,0.044291714,0.027491409,0.025964108,0.005727377,0.6,0.466666667,0.7,0.558823529,0.528301887,0.576923077,0.5,0.363636364,0.428571429,0.166666667,0,0,0,0,0